ID,Local_ID,Language_ID,Parameter_ID,Value,Form,Segments,Comment,Source,Cognacy,Loan,Graphemes,Profile
GERMAN-1_arm-1,,GERMAN,1_arm,Arm,Arm,,,Tjuka2019,,,,
ENGLISH-1_arm-1,,ENGLISH,1_arm,arm,arm,,,Tjuka2019,,,,
WOLOF-1_arm-1,,WOLOF,1_arm,loxo,loxo,,,Tjuka2019,,,,
CZECH-1_arm-1,,CZECH,1_arm,ruka,ruka,,,Tjuka2019,,,,
MARATHI-1_arm-1,,MARATHI,1_arm,हात,हात,,,Tjuka2019,,,,
VIETNAMESE-1_arm-1,,VIETNAMESE,1_arm,tay,tay,,,Tjuka2019,,,,
GREEK-1_arm-1,,GREEK,1_arm,χέρι,χέρι,,,Tjuka2019,,,,
PERSIAN-1_arm-1,,PERSIAN,1_arm,بازو,بازو,,,Tjuka2019,,,,
CHINESE-1_arm-1,,CHINESE,1_arm,胳膊,胳膊,,,Tjuka2019,,,,
KHOEKHOE-1_arm-1,,KHOEKHOE,1_arm,ǁ​ôab,ǁ​ôab,,,Tjuka2019,,,,
HUNGARIAN-1_arm-1,,HUNGARIAN,1_arm,kar,kar,,,Tjuka2019,,,,
JAPANESE-1_arm-1,,JAPANESE,1_arm,腕,腕,,,Tjuka2019,,,,
HEBREW-1_arm-1,,HEBREW,1_arm,זרוע,זרוע,,,Tjuka2019,,,,
TURKISH-1_arm-1,,TURKISH,1_arm,kol,kol,,,Tjuka2019,,,,
MALAY-1_arm-1,,MALAY,1_arm,lengan,lengan,,,Tjuka2019,,,,
GERMAN-2_back-1,,GERMAN,2_back,Rücken,Rücken,,,Tjuka2019,,,,
ENGLISH-2_back-1,,ENGLISH,2_back,back,back,,,Tjuka2019,,,,
WOLOF-2_back-1,,WOLOF,2_back,ganàw/ginàw,ganàw,,,Tjuka2019,,,,
WOLOF-2_back-2,,WOLOF,2_back,ganàw/ginàw,ginàw,,,Tjuka2019,,,,
CZECH-2_back-1,,CZECH,2_back,záda,záda,,,Tjuka2019,,,,
VIETNAMESE-2_back-1,,VIETNAMESE,2_back,lưng,lưng,,,Tjuka2019,,,,
GREEK-2_back-1,,GREEK,2_back,μέση,μέση,,,Tjuka2019,,,,
PERSIAN-2_back-1,,PERSIAN,2_back,بازگشت,بازگشت,,,Tjuka2019,,,,
CHINESE-2_back-1,,CHINESE,2_back,后背,后背,,,Tjuka2019,,,,
KHOEKHOE-2_back-1,,KHOEKHOE,2_back,ǁ​âb,ǁ​âb,,,Tjuka2019,,,,
HUNGARIAN-2_back-1,,HUNGARIAN,2_back,hát,hát,,,Tjuka2019,,,,
JAPANESE-2_back-1,,JAPANESE,2_back,背/背中,背,,,Tjuka2019,,,,
JAPANESE-2_back-2,,JAPANESE,2_back,背/背中,背中,,,Tjuka2019,,,,
HEBREW-2_back-1,,HEBREW,2_back,גב,גב,,,Tjuka2019,,,,
TURKISH-2_back-1,,TURKISH,2_back,sırt,sırt,,,Tjuka2019,,,,
MALAY-2_back-1,,MALAY,2_back,belakang,belakang,,,Tjuka2019,,,,
GERMAN-3_body-1,,GERMAN,3_body,Körper,Körper,,,Tjuka2019,,,,
ENGLISH-3_body-1,,ENGLISH,3_body,body,body,,,Tjuka2019,,,,
WOLOF-3_body-1,,WOLOF,3_body,yaram,yaram,,,Tjuka2019,,,,
CZECH-3_body-1,,CZECH,3_body,tělo,tělo,,,Tjuka2019,,,,
MARATHI-3_body-1,,MARATHI,3_body,शरीर/अंग,शरीर,,,Tjuka2019,,,,
MARATHI-3_body-2,,MARATHI,3_body,शरीर/अंग,अंग,,,Tjuka2019,,,,
VIETNAMESE-3_body-1,,VIETNAMESE,3_body,cơ thể,cơ thể,,,Tjuka2019,,,,
GREEK-3_body-1,,GREEK,3_body,σώμα,σώμα,,,Tjuka2019,,,,
PERSIAN-3_body-1,,PERSIAN,3_body,بدن,بدن,,,Tjuka2019,,,,
CHINESE-3_body-1,,CHINESE,3_body,身体,身体,,,Tjuka2019,,,,
KHOEKHOE-3_body-1,,KHOEKHOE,3_body,ǀ​khāb/soros,ǀ​khāb,,,Tjuka2019,,,,
KHOEKHOE-3_body-2,,KHOEKHOE,3_body,ǀ​khāb/soros,soros,,,Tjuka2019,,,,
HUNGARIAN-3_body-1,,HUNGARIAN,3_body,test,test,,,Tjuka2019,,,,
JAPANESE-3_body-1,,JAPANESE,3_body,体,体,,,Tjuka2019,,,,
HEBREW-3_body-1,,HEBREW,3_body,גוף,גוף,,,Tjuka2019,,,,
TURKISH-3_body-1,,TURKISH,3_body,vücut,vücut,,,Tjuka2019,,,,
MALAY-3_body-1,,MALAY,3_body,badan,badan,,,Tjuka2019,,,,
GERMAN-4_buttocks-1,,GERMAN,4_buttocks,Gesäß,Gesäß,,,Tjuka2019,,,,
ENGLISH-4_buttocks-1,,ENGLISH,4_buttocks,buttocks,buttocks,,,Tjuka2019,,,,
CZECH-4_buttocks-1,,CZECH,4_buttocks,hýždě,hýždě,,,Tjuka2019,,,,
MARATHI-4_buttocks-1,,MARATHI,4_buttocks,नितंब,नितंब,,,Tjuka2019,,,,
VIETNAMESE-4_buttocks-1,,VIETNAMESE,4_buttocks,mông,mông,,,Tjuka2019,,,,
GREEK-4_buttocks-1,,GREEK,4_buttocks,οπίσθια,οπίσθια,,,Tjuka2019,,,,
CHINESE-4_buttocks-1,,CHINESE,4_buttocks,臀,臀,,,Tjuka2019,,,,
KHOEKHOE-4_buttocks-1,,KHOEKHOE,4_buttocks,ǂ​aredi,ǂ​aredi,,,Tjuka2019,,,,
HUNGARIAN-4_buttocks-1,,HUNGARIAN,4_buttocks,fenék,fenék,,,Tjuka2019,,,,
JAPANESE-4_buttocks-1,,JAPANESE,4_buttocks,尻,尻,,,Tjuka2019,,,,
TURKISH-4_buttocks-1,,TURKISH,4_buttocks,göt/kıç,göt,,,Tjuka2019,,,,
TURKISH-4_buttocks-2,,TURKISH,4_buttocks,göt/kıç,kıç,,,Tjuka2019,,,,
MALAY-4_buttocks-1,,MALAY,4_buttocks,pantat,pantat,,,Tjuka2019,,,,
GERMAN-5_ear-1,,GERMAN,5_ear,Ohr,Ohr,,,Tjuka2019,,,,
ENGLISH-5_ear-1,,ENGLISH,5_ear,ear,ear,,,Tjuka2019,,,,
WOLOF-5_ear-1,,WOLOF,5_ear,nopp,nopp,,,Tjuka2019,,,,
CZECH-5_ear-1,,CZECH,5_ear,ucho,ucho,,,Tjuka2019,,,,
MARATHI-5_ear-1,,MARATHI,5_ear,कान,कान,,,Tjuka2019,,,,
VIETNAMESE-5_ear-1,,VIETNAMESE,5_ear,tai,tai,,,Tjuka2019,,,,
GREEK-5_ear-1,,GREEK,5_ear,αυτί,αυτί,,,Tjuka2019,,,,
PERSIAN-5_ear-1,,PERSIAN,5_ear,گوش,گوش,,,Tjuka2019,,,,
CHINESE-5_ear-1,,CHINESE,5_ear,耳,耳,,,Tjuka2019,,,,
KHOEKHOE-5_ear-1,,KHOEKHOE,5_ear,ǂ​gaes,ǂ​gaes,,,Tjuka2019,,,,
HUNGARIAN-5_ear-1,,HUNGARIAN,5_ear,fül,fül,,,Tjuka2019,,,,
JAPANESE-5_ear-1,,JAPANESE,5_ear,耳,耳,,,Tjuka2019,,,,
HEBREW-5_ear-1,,HEBREW,5_ear,אוזן,אוזן,,,Tjuka2019,,,,
TURKISH-5_ear-1,,TURKISH,5_ear,kulak,kulak,,,Tjuka2019,,,,
MALAY-5_ear-1,,MALAY,5_ear,telinga,telinga,,,Tjuka2019,,,,
GERMAN-6_eye-1,,GERMAN,6_eye,Auge,Auge,,,Tjuka2019,,,,
ENGLISH-6_eye-1,,ENGLISH,6_eye,eye,eye,,,Tjuka2019,,,,
WOLOF-6_eye-1,,WOLOF,6_eye,bët,bët,,,Tjuka2019,,,,
CZECH-6_eye-1,,CZECH,6_eye,oko,oko,,,Tjuka2019,,,,
MARATHI-6_eye-1,,MARATHI,6_eye,डोळा,डोळा,,,Tjuka2019,,,,
VIETNAMESE-6_eye-1,,VIETNAMESE,6_eye,mắt,mắt,,,Tjuka2019,,,,
GREEK-6_eye-1,,GREEK,6_eye,μάτι,μάτι,,,Tjuka2019,,,,
PERSIAN-6_eye-1,,PERSIAN,6_eye,چشم,چشم,,,Tjuka2019,,,,
CHINESE-6_eye-1,,CHINESE,6_eye,眼,眼,,,Tjuka2019,,,,
KHOEKHOE-6_eye-1,,KHOEKHOE,6_eye,mûs,mûs,,,Tjuka2019,,,,
HUNGARIAN-6_eye-1,,HUNGARIAN,6_eye,szem,szem,,,Tjuka2019,,,,
JAPANESE-6_eye-1,,JAPANESE,6_eye,眼,眼,,,Tjuka2019,,,,
HEBREW-6_eye-1,,HEBREW,6_eye,עין,עין,,,Tjuka2019,,,,
TURKISH-6_eye-1,,TURKISH,6_eye,göz,göz,,,Tjuka2019,,,,
MALAY-6_eye-1,,MALAY,6_eye,mata,mata,,,Tjuka2019,,,,
GERMAN-7_face-1,,GERMAN,7_face,Gesicht,Gesicht,,,Tjuka2019,,,,
ENGLISH-7_face-1,,ENGLISH,7_face,face,face,,,Tjuka2019,,,,
WOLOF-7_face-1,,WOLOF,7_face,kanam,kanam,,,Tjuka2019,,,,
CZECH-7_face-1,,CZECH,7_face,obličej,obličej,,,Tjuka2019,,,,
MARATHI-7_face-1,,MARATHI,7_face,चेहरा,चेहरा,,,Tjuka2019,,,,
VIETNAMESE-7_face-1,,VIETNAMESE,7_face,mặt,mặt,,,Tjuka2019,,,,
GREEK-7_face-1,,GREEK,7_face,πρόσωπο,πρόσωπο,,,Tjuka2019,,,,
PERSIAN-7_face-1,,PERSIAN,7_face,صورت,صورت,,,Tjuka2019,,,,
CHINESE-7_face-1,,CHINESE,7_face,脸/面,脸,,,Tjuka2019,,,,
CHINESE-7_face-2,,CHINESE,7_face,脸/面,面,,,Tjuka2019,,,,
KHOEKHOE-7_face-1,,KHOEKHOE,7_face,ais,ais,,,Tjuka2019,,,,
HUNGARIAN-7_face-1,,HUNGARIAN,7_face,arc,arc,,,Tjuka2019,,,,
JAPANESE-7_face-1,,JAPANESE,7_face,顔,顔,,,Tjuka2019,,,,
HEBREW-7_face-1,,HEBREW,7_face,פנים,פנים,,,Tjuka2019,,,,
TURKISH-7_face-1,,TURKISH,7_face,yüz,yüz,,,Tjuka2019,,,,
MALAY-7_face-1,,MALAY,7_face,wajah/muka,wajah,,,Tjuka2019,,,,
MALAY-7_face-2,,MALAY,7_face,wajah/muka,muka,,,Tjuka2019,,,,
GERMAN-8_finger-1,,GERMAN,8_finger,Finger,Finger,,,Tjuka2019,,,,
ENGLISH-8_finger-1,,ENGLISH,8_finger,finger,finger,,,Tjuka2019,,,,
WOLOF-8_finger-1,,WOLOF,8_finger,baaraam loxo,baaraam loxo,,,Tjuka2019,,,,
CZECH-8_finger-1,,CZECH,8_finger,prst na ruce,prst na ruce,,,Tjuka2019,,,,
MARATHI-8_finger-1,,MARATHI,8_finger,बोट,बोट,,,Tjuka2019,,,,
VIETNAMESE-8_finger-1,,VIETNAMESE,8_finger,nóng tay,nóng tay,,,Tjuka2019,,,,
GREEK-8_finger-1,,GREEK,8_finger,δάχτυλο,δάχτυλο,,,Tjuka2019,,,,
PERSIAN-8_finger-1,,PERSIAN,8_finger,انگشت,انگشت,,,Tjuka2019,,,,
CHINESE-8_finger-1,,CHINESE,8_finger,手指,手指,,,Tjuka2019,,,,
KHOEKHOE-8_finger-1,,KHOEKHOE,8_finger,ǀkhunub,ǀkhunub,,,Tjuka2019,,,,
HUNGARIAN-8_finger-1,,HUNGARIAN,8_finger,ujj,ujj,,,Tjuka2019,,,,
JAPANESE-8_finger-1,,JAPANESE,8_finger,指,指,,,Tjuka2019,,,,
HEBREW-8_finger-1,,HEBREW,8_finger,אצבע,אצבע,,,Tjuka2019,,,,
TURKISH-8_finger-1,,TURKISH,8_finger,parmak,parmak,,,Tjuka2019,,,,
MALAY-8_finger-1,,MALAY,8_finger,jari,jari,,,Tjuka2019,,,,
GERMAN-9_foot-1,,GERMAN,9_foot,Fuß,Fuß,,,Tjuka2019,,,,
ENGLISH-9_foot-1,,ENGLISH,9_foot,foot,foot,,,Tjuka2019,,,,
WOLOF-9_foot-1,,WOLOF,9_foot,tank,tank,,,Tjuka2019,,,,
CZECH-9_foot-1,,CZECH,9_foot,noha,noha,,,Tjuka2019,,,,
MARATHI-9_foot-1,,MARATHI,9_foot,पाय,पाय,,,Tjuka2019,,,,
VIETNAMESE-9_foot-1,,VIETNAMESE,9_foot,bàn chân,bàn chân,,,Tjuka2019,,,,
GREEK-9_foot-1,,GREEK,9_foot,πόδι,πόδι,,,Tjuka2019,,,,
PERSIAN-9_foot-1,,PERSIAN,9_foot,پا,پا,,,Tjuka2019,,,,
CHINESE-9_foot-1,,CHINESE,9_foot,脚,脚,,,Tjuka2019,,,,
KHOEKHOE-9_foot-1,,KHOEKHOE,9_foot,ǂ​ais,ǂ​ais,,,Tjuka2019,,,,
HUNGARIAN-9_foot-1,,HUNGARIAN,9_foot,láb,láb,,,Tjuka2019,,,,
JAPANESE-9_foot-1,,JAPANESE,9_foot,足,足,,,Tjuka2019,,,,
HEBREW-9_foot-1,,HEBREW,9_foot,רגל,רגל,,,Tjuka2019,,,,
TURKISH-9_foot-1,,TURKISH,9_foot,ayak,ayak,,,Tjuka2019,,,,
MALAY-9_foot-1,,MALAY,9_foot,kaki,kaki,,,Tjuka2019,,,,
GERMAN-10_hand-1,,GERMAN,10_hand,Hand,Hand,,,Tjuka2019,,,,
ENGLISH-10_hand-1,,ENGLISH,10_hand,hand,hand,,,Tjuka2019,,,,
WOLOF-10_hand-1,,WOLOF,10_hand,loxo,loxo,,,Tjuka2019,,,,
CZECH-10_hand-1,,CZECH,10_hand,ruka,ruka,,,Tjuka2019,,,,
MARATHI-10_hand-1,,MARATHI,10_hand,हात,हात,,,Tjuka2019,,,,
VIETNAMESE-10_hand-1,,VIETNAMESE,10_hand,bàn tay,bàn tay,,,Tjuka2019,,,,
GREEK-10_hand-1,,GREEK,10_hand,χέρι,χέρι,,,Tjuka2019,,,,
PERSIAN-10_hand-1,,PERSIAN,10_hand,دست,دست,,,Tjuka2019,,,,
CHINESE-10_hand-1,,CHINESE,10_hand,手,手,,,Tjuka2019,,,,
KHOEKHOE-10_hand-1,,KHOEKHOE,10_hand,!oms,!oms,,,Tjuka2019,,,,
HUNGARIAN-10_hand-1,,HUNGARIAN,10_hand,kéz,kéz,,,Tjuka2019,,,,
JAPANESE-10_hand-1,,JAPANESE,10_hand,手,手,,,Tjuka2019,,,,
HEBREW-10_hand-1,,HEBREW,10_hand,יד,יד,,,Tjuka2019,,,,
TURKISH-10_hand-1,,TURKISH,10_hand,el,el,,,Tjuka2019,,,,
MALAY-10_hand-1,,MALAY,10_hand,tangan,tangan,,,Tjuka2019,,,,
GERMAN-11_head-1,,GERMAN,11_head,Kopf,Kopf,,,Tjuka2019,,,,
ENGLISH-11_head-1,,ENGLISH,11_head,head,head,,,Tjuka2019,,,,
WOLOF-11_head-1,,WOLOF,11_head,bopp,bopp,,,Tjuka2019,,,,
CZECH-11_head-1,,CZECH,11_head,hlava,hlava,,,Tjuka2019,,,,
MARATHI-11_head-1,,MARATHI,11_head,डोकं,डोकं,,,Tjuka2019,,,,
VIETNAMESE-11_head-1,,VIETNAMESE,11_head,đầu,đầu,,,Tjuka2019,,,,
GREEK-11_head-1,,GREEK,11_head,κεφάλι,κεφάλι,,,Tjuka2019,,,,
PERSIAN-11_head-1,,PERSIAN,11_head,سر,سر,,,Tjuka2019,,,,
CHINESE-11_head-1,,CHINESE,11_head,头,头,,,Tjuka2019,,,,
KHOEKHOE-11_head-1,,KHOEKHOE,11_head,danas,danas,,,Tjuka2019,,,,
HUNGARIAN-11_head-1,,HUNGARIAN,11_head,fej,fej,,,Tjuka2019,,,,
JAPANESE-11_head-1,,JAPANESE,11_head,頭,頭,,,Tjuka2019,,,,
HEBREW-11_head-1,,HEBREW,11_head,ראש,ראש,,,Tjuka2019,,,,
TURKISH-11_head-1,,TURKISH,11_head,kafa/baş,kafa,,,Tjuka2019,,,,
TURKISH-11_head-2,,TURKISH,11_head,kafa/baş,baş,,,Tjuka2019,,,,
MALAY-11_head-1,,MALAY,11_head,kepala,kepala,,,Tjuka2019,,,,
GERMAN-12_heart-1,,GERMAN,12_heart,Herz,Herz,,,Tjuka2019,,,,
ENGLISH-12_heart-1,,ENGLISH,12_heart,heart,heart,,,Tjuka2019,,,,
WOLOF-12_heart-1,,WOLOF,12_heart,xol,xol,,,Tjuka2019,,,,
CZECH-12_heart-1,,CZECH,12_heart,srdce,srdce,,,Tjuka2019,,,,
MARATHI-12_heart-1,,MARATHI,12_heart,ह्रदय,ह्रदय,,,Tjuka2019,,,,
VIETNAMESE-12_heart-1,,VIETNAMESE,12_heart,tim,tim,,,Tjuka2019,,,,
GREEK-12_heart-1,,GREEK,12_heart,καρδιά,καρδιά,,,Tjuka2019,,,,
PERSIAN-12_heart-1,,PERSIAN,12_heart,قلب,قلب,,,Tjuka2019,,,,
CHINESE-12_heart-1,,CHINESE,12_heart,(心)脏,(心)脏,,,Tjuka2019,,,,
KHOEKHOE-12_heart-1,,KHOEKHOE,12_heart,ǂ​gaob,ǂ​gaob,,,Tjuka2019,,,,
HUNGARIAN-12_heart-1,,HUNGARIAN,12_heart,szíz,szíz,,,Tjuka2019,,,,
JAPANESE-12_heart-1,,JAPANESE,12_heart,心臓,心臓,,,Tjuka2019,,,,
HEBREW-12_heart-1,,HEBREW,12_heart,לב,לב,,,Tjuka2019,,,,
TURKISH-12_heart-1,,TURKISH,12_heart,kalp,kalp,,,Tjuka2019,,,,
MALAY-12_heart-1,,MALAY,12_heart,hati,hati,,,Tjuka2019,,,,
GERMAN-13_heel-1,,GERMAN,13_heel,Ferse,Ferse,,,Tjuka2019,,,,
ENGLISH-13_heel-1,,ENGLISH,13_heel,heel,heel,,,Tjuka2019,,,,
CZECH-13_heel-1,,CZECH,13_heel,pata,pata,,,Tjuka2019,,,,
MARATHI-13_heel-1,,MARATHI,13_heel,टाच,टाच,,,Tjuka2019,,,,
VIETNAMESE-13_heel-1,,VIETNAMESE,13_heel,gót chân,gót chân,,,Tjuka2019,,,,
GREEK-13_heel-1,,GREEK,13_heel,φτέρνα,φτέρνα,,,Tjuka2019,,,,
PERSIAN-13_heel-1,,PERSIAN,13_heel,پاشنه,پاشنه,,,Tjuka2019,,,,
CHINESE-13_heel-1,,CHINESE,13_heel,脚跟,脚跟,,,Tjuka2019,,,,
KHOEKHOE-13_heel-1,,KHOEKHOE,13_heel,!nôas,!nôas,,,Tjuka2019,,,,
HUNGARIAN-13_heel-1,,HUNGARIAN,13_heel,sarok,sarok,,,Tjuka2019,,,,
JAPANESE-13_heel-1,,JAPANESE,13_heel,踵,踵,,,Tjuka2019,,,,
HEBREW-13_heel-1,,HEBREW,13_heel,עקב,עקב,,,Tjuka2019,,,,
TURKISH-13_heel-1,,TURKISH,13_heel,topuk,topuk,,,Tjuka2019,,,,
MALAY-13_heel-1,,MALAY,13_heel,tumit,tumit,,,Tjuka2019,,,,
GERMAN-14_hip-1,,GERMAN,14_hip,Hüfte,Hüfte,,,Tjuka2019,,,,
ENGLISH-14_hip-1,,ENGLISH,14_hip,hip,hip,,,Tjuka2019,,,,
WOLOF-14_hip-1,,WOLOF,14_hip,ndiggu,ndiggu,,,Tjuka2019,,,,
CZECH-14_hip-1,,CZECH,14_hip,kyčel,kyčel,,,Tjuka2019,,,,
MARATHI-14_hip-1,,MARATHI,14_hip,पाय,पाय,,,Tjuka2019,,,,
VIETNAMESE-14_hip-1,,VIETNAMESE,14_hip,hông,hông,,,Tjuka2019,,,,
PERSIAN-14_hip-1,,PERSIAN,14_hip,لگن,لگن,,,Tjuka2019,,,,
CHINESE-14_hip-1,,CHINESE,14_hip,臀,臀,,,Tjuka2019,,,,
KHOEKHOE-14_hip-1,,KHOEKHOE,14_hip,ǀ​nanas,ǀ​nanas,,,Tjuka2019,,,,
HUNGARIAN-14_hip-1,,HUNGARIAN,14_hip,csípő,csípő,,,Tjuka2019,,,,
JAPANESE-14_hip-1,,JAPANESE,14_hip,腰,腰,,,Tjuka2019,,,,
TURKISH-14_hip-1,,TURKISH,14_hip,kalça,kalça,,,Tjuka2019,,,,
MALAY-14_hip-1,,MALAY,14_hip,pinggul,pinggul,,,Tjuka2019,,,,
GERMAN-15_knee-1,,GERMAN,15_knee,Knie,Knie,,,Tjuka2019,,,,
ENGLISH-15_knee-1,,ENGLISH,15_knee,knee,knee,,,Tjuka2019,,,,
WOLOF-15_knee-1,,WOLOF,15_knee,óom,óom,,,Tjuka2019,,,,
CZECH-15_knee-1,,CZECH,15_knee,koleno,koleno,,,Tjuka2019,,,,
MARATHI-15_knee-1,,MARATHI,15_knee,गुडघा,गुडघा,,,Tjuka2019,,,,
VIETNAMESE-15_knee-1,,VIETNAMESE,15_knee,đùi gối,đùi gối,,,Tjuka2019,,,,
GREEK-15_knee-1,,GREEK,15_knee,γόνατο,γόνατο,,,Tjuka2019,,,,
PERSIAN-15_knee-1,,PERSIAN,15_knee,زانو,زانو,,,Tjuka2019,,,,
CHINESE-15_knee-1,,CHINESE,15_knee,膝盖,膝盖,,,Tjuka2019,,,,
KHOEKHOE-15_knee-1,,KHOEKHOE,15_knee,​ǁ​goas,​ǁ​goas,,,Tjuka2019,,,,
HUNGARIAN-15_knee-1,,HUNGARIAN,15_knee,térd,térd,,,Tjuka2019,,,,
JAPANESE-15_knee-1,,JAPANESE,15_knee,膝,膝,,,Tjuka2019,,,,
HEBREW-15_knee-1,,HEBREW,15_knee,ברך,ברך,,,Tjuka2019,,,,
TURKISH-15_knee-1,,TURKISH,15_knee,diz,diz,,,Tjuka2019,,,,
MALAY-15_knee-1,,MALAY,15_knee,lutut,lutut,,,Tjuka2019,,,,
GERMAN-16_leg-1,,GERMAN,16_leg,Bein,Bein,,,Tjuka2019,,,,
ENGLISH-16_leg-1,,ENGLISH,16_leg,leg,leg,,,Tjuka2019,,,,
WOLOF-16_leg-1,,WOLOF,16_leg,tank,tank,,,Tjuka2019,,,,
CZECH-16_leg-1,,CZECH,16_leg,noha,noha,,,Tjuka2019,,,,
MARATHI-16_leg-1,,MARATHI,16_leg,कंबर,कंबर,,,Tjuka2019,,,,
VIETNAMESE-16_leg-1,,VIETNAMESE,16_leg,chân,chân,,,Tjuka2019,,,,
GREEK-16_leg-1,,GREEK,16_leg,πόδι,πόδι,,,Tjuka2019,,,,
PERSIAN-16_leg-1,,PERSIAN,16_leg,پا,پا,,,Tjuka2019,,,,
CHINESE-16_leg-1,,CHINESE,16_leg,腿,腿,,,Tjuka2019,,,,
KHOEKHOE-16_leg-1,,KHOEKHOE,16_leg,ǀ​nūb/ǀ​nugu,ǀ​nūb,,,Tjuka2019,,,,
KHOEKHOE-16_leg-2,,KHOEKHOE,16_leg,ǀ​nūb/ǀ​nugu,ǀ​nugu,,,Tjuka2019,,,,
HUNGARIAN-16_leg-1,,HUNGARIAN,16_leg,láb,láb,,,Tjuka2019,,,,
JAPANESE-16_leg-1,,JAPANESE,16_leg,脚,脚,,,Tjuka2019,,,,
HEBREW-16_leg-1,,HEBREW,16_leg,רגל,רגל,,,Tjuka2019,,,,
TURKISH-16_leg-1,,TURKISH,16_leg,bacak,bacak,,,Tjuka2019,,,,
MALAY-16_leg-1,,MALAY,16_leg,kaki,kaki,,,Tjuka2019,,,,
GERMAN-17_mouth-1,,GERMAN,17_mouth,Mund,Mund,,,Tjuka2019,,,,
ENGLISH-17_mouth-1,,ENGLISH,17_mouth,mouth,mouth,,,Tjuka2019,,,,
WOLOF-17_mouth-1,,WOLOF,17_mouth,gémmiñ,gémmiñ,,,Tjuka2019,,,,
CZECH-17_mouth-1,,CZECH,17_mouth,pusa/ústa,pusa,,,Tjuka2019,,,,
CZECH-17_mouth-2,,CZECH,17_mouth,pusa/ústa,ústa,,,Tjuka2019,,,,
MARATHI-17_mouth-1,,MARATHI,17_mouth,तोंड,तोंड,,,Tjuka2019,,,,
VIETNAMESE-17_mouth-1,,VIETNAMESE,17_mouth,miệng/mồm,miệng,,,Tjuka2019,,,,
VIETNAMESE-17_mouth-2,,VIETNAMESE,17_mouth,miệng/mồm,mồm,,,Tjuka2019,,,,
GREEK-17_mouth-1,,GREEK,17_mouth,στόμα,στόμα,,,Tjuka2019,,,,
PERSIAN-17_mouth-1,,PERSIAN,17_mouth,دهان,دهان,,,Tjuka2019,,,,
CHINESE-17_mouth-1,,CHINESE,17_mouth,嘴/口,嘴,,,Tjuka2019,,,,
CHINESE-17_mouth-2,,CHINESE,17_mouth,嘴/口,口,,,Tjuka2019,,,,
KHOEKHOE-17_mouth-1,,KHOEKHOE,17_mouth,am!nâs/ams,am!nâs,,,Tjuka2019,,,,
KHOEKHOE-17_mouth-2,,KHOEKHOE,17_mouth,am!nâs/ams,ams,,,Tjuka2019,,,,
HUNGARIAN-17_mouth-1,,HUNGARIAN,17_mouth,száj,száj,,,Tjuka2019,,,,
JAPANESE-17_mouth-1,,JAPANESE,17_mouth,口,口,,,Tjuka2019,,,,
HEBREW-17_mouth-1,,HEBREW,17_mouth,פה,פה,,,Tjuka2019,,,,
TURKISH-17_mouth-1,,TURKISH,17_mouth,ağız,ağız,,,Tjuka2019,,,,
MALAY-17_mouth-1,,MALAY,17_mouth,mulut,mulut,,,Tjuka2019,,,,
GERMAN-18_neck-1,,GERMAN,18_neck,Hals,Hals,,,Tjuka2019,,,,
ENGLISH-18_neck-1,,ENGLISH,18_neck,neck,neck,,,Tjuka2019,,,,
WOLOF-18_neck-1,,WOLOF,18_neck,baat,baat,,,Tjuka2019,,,,
CZECH-18_neck-1,,CZECH,18_neck,krk,krk,,,Tjuka2019,,,,
MARATHI-18_neck-1,,MARATHI,18_neck,मान,मान,,,Tjuka2019,,,,
VIETNAMESE-18_neck-1,,VIETNAMESE,18_neck,cổ,cổ,,,Tjuka2019,,,,
GREEK-18_neck-1,,GREEK,18_neck,λαιμός,λαιμός,,,Tjuka2019,,,,
PERSIAN-18_neck-1,,PERSIAN,18_neck,گردن,گردن,,,Tjuka2019,,,,
CHINESE-18_neck-1,,CHINESE,18_neck,脖子/颈,脖子,,,Tjuka2019,,,,
CHINESE-18_neck-2,,CHINESE,18_neck,脖子/颈,颈,,,Tjuka2019,,,,
KHOEKHOE-18_neck-1,,KHOEKHOE,18_neck,!aob,!aob,,,Tjuka2019,,,,
HUNGARIAN-18_neck-1,,HUNGARIAN,18_neck,nyak,nyak,,,Tjuka2019,,,,
JAPANESE-18_neck-1,,JAPANESE,18_neck,首,首,,,Tjuka2019,,,,
HEBREW-18_neck-1,,HEBREW,18_neck,צוואר,צוואר,,,Tjuka2019,,,,
TURKISH-18_neck-1,,TURKISH,18_neck,boyun,boyun,,,Tjuka2019,,,,
MALAY-18_neck-1,,MALAY,18_neck,leher,leher,,,Tjuka2019,,,,
GERMAN-19_nose-1,,GERMAN,19_nose,Nase,Nase,,,Tjuka2019,,,,
ENGLISH-19_nose-1,,ENGLISH,19_nose,nose,nose,,,Tjuka2019,,,,
WOLOF-19_nose-1,,WOLOF,19_nose,bàkkan,bàkkan,,,Tjuka2019,,,,
CZECH-19_nose-1,,CZECH,19_nose,nos,nos,,,Tjuka2019,,,,
MARATHI-19_nose-1,,MARATHI,19_nose,नाक,नाक,,,Tjuka2019,,,,
VIETNAMESE-19_nose-1,,VIETNAMESE,19_nose,mũi,mũi,,,Tjuka2019,,,,
GREEK-19_nose-1,,GREEK,19_nose,μύτη,μύτη,,,Tjuka2019,,,,
PERSIAN-19_nose-1,,PERSIAN,19_nose,بینی,بینی,,,Tjuka2019,,,,
CHINESE-19_nose-1,,CHINESE,19_nose,鼻子,鼻子,,,Tjuka2019,,,,
KHOEKHOE-19_nose-1,,KHOEKHOE,19_nose,ǂ​guis,ǂ​guis,,,Tjuka2019,,,,
HUNGARIAN-19_nose-1,,HUNGARIAN,19_nose,orr,orr,,,Tjuka2019,,,,
JAPANESE-19_nose-1,,JAPANESE,19_nose,鼻,鼻,,,Tjuka2019,,,,
HEBREW-19_nose-1,,HEBREW,19_nose,אף,אף,,,Tjuka2019,,,,
TURKISH-19_nose-1,,TURKISH,19_nose,burun,burun,,,Tjuka2019,,,,
MALAY-19_nose-1,,MALAY,19_nose,hidung,hidung,,,Tjuka2019,,,,
GERMAN-20_rib-1,,GERMAN,20_rib,Rippe,Rippe,,,Tjuka2019,,,,
ENGLISH-20_rib-1,,ENGLISH,20_rib,rib,rib,,,Tjuka2019,,,,
WOLOF-20_rib-1,,WOLOF,20_rib,faar,faar,,,Tjuka2019,,,,
CZECH-20_rib-1,,CZECH,20_rib,žebro,žebro,,,Tjuka2019,,,,
MARATHI-20_rib-1,,MARATHI,20_rib,बरगड्या,बरगड्या,,,Tjuka2019,,,,
VIETNAMESE-20_rib-1,,VIETNAMESE,20_rib,sườn,sườn,,,Tjuka2019,,,,
GREEK-20_rib-1,,GREEK,20_rib,πλευρό,πλευρό,,,Tjuka2019,,,,
PERSIAN-20_rib-1,,PERSIAN,20_rib,دنده,دنده,,,Tjuka2019,,,,
CHINESE-20_rib-1,,CHINESE,20_rib,肋骨,肋骨,,,Tjuka2019,,,,
KHOEKHOE-20_rib-1,,KHOEKHOE,20_rib,ǀ​arab,ǀ​arab,,,Tjuka2019,,,,
HUNGARIAN-20_rib-1,,HUNGARIAN,20_rib,borda,borda,,,Tjuka2019,,,,
JAPANESE-20_rib-1,,JAPANESE,20_rib,肋骨,肋骨,,,Tjuka2019,,,,
HEBREW-20_rib-1,,HEBREW,20_rib,צלע,צלע,,,Tjuka2019,,,,
TURKISH-20_rib-1,,TURKISH,20_rib,kaburga,kaburga,,,Tjuka2019,,,,
MALAY-20_rib-1,,MALAY,20_rib,tulang rusuk,tulang rusuk,,,Tjuka2019,,,,
GERMAN-21_shoulder-1,,GERMAN,21_shoulder,Schulter,Schulter,,,Tjuka2019,,,,
ENGLISH-21_shoulder-1,,ENGLISH,21_shoulder,shoulder,shoulder,,,Tjuka2019,,,,
WOLOF-21_shoulder-1,,WOLOF,21_shoulder,mbagg,mbagg,,,Tjuka2019,,,,
CZECH-21_shoulder-1,,CZECH,21_shoulder,rameno,rameno,,,Tjuka2019,,,,
MARATHI-21_shoulder-1,,MARATHI,21_shoulder,खांदा,खांदा,,,Tjuka2019,,,,
VIETNAMESE-21_shoulder-1,,VIETNAMESE,21_shoulder,vai,vai,,,Tjuka2019,,,,
GREEK-21_shoulder-1,,GREEK,21_shoulder,ώμος,ώμος,,,Tjuka2019,,,,
PERSIAN-21_shoulder-1,,PERSIAN,21_shoulder,شانه,شانه,,,Tjuka2019,,,,
CHINESE-21_shoulder-1,,CHINESE,21_shoulder,肩膀,肩膀,,,Tjuka2019,,,,
KHOEKHOE-21_shoulder-1,,KHOEKHOE,21_shoulder,!hōs,!hōs,,,Tjuka2019,,,,
HUNGARIAN-21_shoulder-1,,HUNGARIAN,21_shoulder,váll,váll,,,Tjuka2019,,,,
JAPANESE-21_shoulder-1,,JAPANESE,21_shoulder,肩,肩,,,Tjuka2019,,,,
HEBREW-21_shoulder-1,,HEBREW,21_shoulder,כתף,כתף,,,Tjuka2019,,,,
TURKISH-21_shoulder-1,,TURKISH,21_shoulder,omuz,omuz,,,Tjuka2019,,,,
MALAY-21_shoulder-1,,MALAY,21_shoulder,bahu,bahu,,,Tjuka2019,,,,
GERMAN-22_skin-1,,GERMAN,22_skin,Haut,Haut,,,Tjuka2019,,,,
ENGLISH-22_skin-1,,ENGLISH,22_skin,skin,skin,,,Tjuka2019,,,,
WOLOF-22_skin-1,,WOLOF,22_skin,der,der,,,Tjuka2019,,,,
CZECH-22_skin-1,,CZECH,22_skin,kůže,kůže,,,Tjuka2019,,,,
MARATHI-22_skin-1,,MARATHI,22_skin,त्वचा/साल,त्वचा,,,Tjuka2019,,,,
MARATHI-22_skin-2,,MARATHI,22_skin,त्वचा/साल,साल,,,Tjuka2019,,,,
VIETNAMESE-22_skin-1,,VIETNAMESE,22_skin,da,da,,,Tjuka2019,,,,
GREEK-22_skin-1,,GREEK,22_skin,δέρμα,δέρμα,,,Tjuka2019,,,,
PERSIAN-22_skin-1,,PERSIAN,22_skin,پوست,پوست,,,Tjuka2019,,,,
CHINESE-22_skin-1,,CHINESE,22_skin,皮肤,皮肤,,,Tjuka2019,,,,
KHOEKHOE-22_skin-1,,KHOEKHOE,22_skin,khōb,khōb,,,Tjuka2019,,,,
HUNGARIAN-22_skin-1,,HUNGARIAN,22_skin,bőr,bőr,,,Tjuka2019,,,,
JAPANESE-22_skin-1,,JAPANESE,22_skin,肌/皮/皮膚,肌,,,Tjuka2019,,,,
JAPANESE-22_skin-2,,JAPANESE,22_skin,肌/皮/皮膚,皮,,,Tjuka2019,,,,
JAPANESE-22_skin-3,,JAPANESE,22_skin,肌/皮/皮膚,皮膚,,,Tjuka2019,,,,
HEBREW-22_skin-1,,HEBREW,22_skin,עור,עור,,,Tjuka2019,,,,
TURKISH-22_skin-1,,TURKISH,22_skin,cilt,cilt,,,Tjuka2019,,,,
MALAY-22_skin-1,,MALAY,22_skin,kulit,kulit,,,Tjuka2019,,,,
GERMAN-23_sole-1,,GERMAN,23_sole,Fußsohle,Fußsohle,,,Tjuka2019,,,,
ENGLISH-23_sole-1,,ENGLISH,23_sole,sole,sole,,,Tjuka2019,,,,
WOLOF-23_sole-1,,WOLOF,23_sole,biir tank,biir tank,,,Tjuka2019,,,,
CZECH-23_sole-1,,CZECH,23_sole,chodidlo,chodidlo,,,Tjuka2019,,,,
MARATHI-23_sole-1,,MARATHI,23_sole,पाउल,पाउल,,,Tjuka2019,,,,
VIETNAMESE-23_sole-1,,VIETNAMESE,23_sole,đáy bàn chân/mặt bàn chân,đáy bàn chân,,,Tjuka2019,,,,
VIETNAMESE-23_sole-2,,VIETNAMESE,23_sole,đáy bàn chân/mặt bàn chân,mặt bàn chân,,,Tjuka2019,,,,
GREEK-23_sole-1,,GREEK,23_sole,πατούσα,πατούσα,,,Tjuka2019,,,,
PERSIAN-23_sole-1,,PERSIAN,23_sole,پای پا,پای پا,,,Tjuka2019,,,,
CHINESE-23_sole-1,,CHINESE,23_sole,脚掌,脚掌,,,Tjuka2019,,,,
KHOEKHOE-23_sole-1,,KHOEKHOE,23_sole,ǂ​ai!nāb,ǂ​ai!nāb,,,Tjuka2019,,,,
HUNGARIAN-23_sole-1,,HUNGARIAN,23_sole,talp,talp,,,Tjuka2019,,,,
JAPANESE-23_sole-1,,JAPANESE,23_sole,足の裏,足の裏,,,Tjuka2019,,,,
HEBREW-23_sole-1,,HEBREW,23_sole,סוליה של כף הרגל,סוליה של כף הרגל,,,Tjuka2019,,,,
TURKISH-23_sole-1,,TURKISH,23_sole,ayak tabanı,ayak tabanı,,,Tjuka2019,,,,
MALAY-23_sole-1,,MALAY,23_sole,alas kaki,alas kaki,,,Tjuka2019,,,,
GERMAN-24_throat-1,,GERMAN,24_throat,Kehle,Kehle,,,Tjuka2019,,,,
ENGLISH-24_throat-1,,ENGLISH,24_throat,throat,throat,,,Tjuka2019,,,,
WOLOF-24_throat-1,,WOLOF,24_throat,put,put,,,Tjuka2019,,,,
CZECH-24_throat-1,,CZECH,24_throat,hrdlo,hrdlo,,,Tjuka2019,,,,
MARATHI-24_throat-1,,MARATHI,24_throat,घसा,घसा,,,Tjuka2019,,,,
VIETNAMESE-24_throat-1,,VIETNAMESE,24_throat,họng,họng,,,Tjuka2019,,,,
GREEK-24_throat-1,,GREEK,24_throat,λαιμός,λαιμός,,,Tjuka2019,,,,
PERSIAN-24_throat-1,,PERSIAN,24_throat,گلو,گلو,,,Tjuka2019,,,,
CHINESE-24_throat-1,,CHINESE,24_throat,喉咙,喉咙,,,Tjuka2019,,,,
KHOEKHOE-24_throat-1,,KHOEKHOE,24_throat,dommi,dommi,,,Tjuka2019,,,,
HUNGARIAN-24_throat-1,,HUNGARIAN,24_throat,torok,torok,,,Tjuka2019,,,,
JAPANESE-24_throat-1,,JAPANESE,24_throat,のど,のど,,,Tjuka2019,,,,
HEBREW-24_throat-1,,HEBREW,24_throat,גרון,גרון,,,Tjuka2019,,,,
TURKISH-24_throat-1,,TURKISH,24_throat,boğaz,boğaz,,,Tjuka2019,,,,
MALAY-24_throat-1,,MALAY,24_throat,tenggorokan,tenggorokan,,,Tjuka2019,,,,
GERMAN-25_toe-1,,GERMAN,25_toe,Zeh,Zeh,,,Tjuka2019,,,,
ENGLISH-25_toe-1,,ENGLISH,25_toe,toe,toe,,,Tjuka2019,,,,
WOLOF-25_toe-1,,WOLOF,25_toe,baaraam tank,baaraam tank,,,Tjuka2019,,,,
CZECH-25_toe-1,,CZECH,25_toe,prst na noze,prst na noze,,,Tjuka2019,,,,
MARATHI-25_toe-1,,MARATHI,25_toe,चवडा,चवडा,,,Tjuka2019,,,,
VIETNAMESE-25_toe-1,,VIETNAMESE,25_toe,ngón chân,ngón chân,,,Tjuka2019,,,,
GREEK-25_toe-1,,GREEK,25_toe,δάχτυλα των ποδιών,δάχτυλα των ποδιών,,,Tjuka2019,,,,
PERSIAN-25_toe-1,,PERSIAN,25_toe,انگشتان پا,انگشتان پا,,,Tjuka2019,,,,
CHINESE-25_toe-1,,CHINESE,25_toe,脚趾,脚趾,,,Tjuka2019,,,,
KHOEKHOE-25_toe-1,,KHOEKHOE,25_toe,ǂaiǀkhunus,ǂaiǀkhunus,,,Tjuka2019,,,,
HUNGARIAN-25_toe-1,,HUNGARIAN,25_toe,lábujjak,lábujjak,,,Tjuka2019,,,,
JAPANESE-25_toe-1,,JAPANESE,25_toe,つま先,つま先,,,Tjuka2019,,,,
HEBREW-25_toe-1,,HEBREW,25_toe,ציפורן,ציפורן,,,Tjuka2019,,,,
TURKISH-25_toe-1,,TURKISH,25_toe,ayak parmağı,ayak parmağı,,,Tjuka2019,,,,
MALAY-25_toe-1,,MALAY,25_toe,kaki,kaki,,,Tjuka2019,,,,
GERMAN-26_tongue-1,,GERMAN,26_tongue,Zunge,Zunge,,,Tjuka2019,,,,
ENGLISH-26_tongue-1,,ENGLISH,26_tongue,tongue,tongue,,,Tjuka2019,,,,
WOLOF-26_tongue-1,,WOLOF,26_tongue,làmmiñ,làmmiñ,,,Tjuka2019,,,,
CZECH-26_tongue-1,,CZECH,26_tongue,jazyk,jazyk,,,Tjuka2019,,,,
MARATHI-26_tongue-1,,MARATHI,26_tongue,जीभ,जीभ,,,Tjuka2019,,,,
VIETNAMESE-26_tongue-1,,VIETNAMESE,26_tongue,lưỡi,lưỡi,,,Tjuka2019,,,,
GREEK-26_tongue-1,,GREEK,26_tongue,γλώσσα,γλώσσα,,,Tjuka2019,,,,
PERSIAN-26_tongue-1,,PERSIAN,26_tongue,زبان,زبان,,,Tjuka2019,,,,
CHINESE-26_tongue-1,,CHINESE,26_tongue,舌头,舌头,,,Tjuka2019,,,,
KHOEKHOE-26_tongue-1,,KHOEKHOE,26_tongue,nammi,nammi,,,Tjuka2019,,,,
HUNGARIAN-26_tongue-1,,HUNGARIAN,26_tongue,nyelv,nyelv,,,Tjuka2019,,,,
JAPANESE-26_tongue-1,,JAPANESE,26_tongue,舌/べろ,舌,,,Tjuka2019,,,,
JAPANESE-26_tongue-2,,JAPANESE,26_tongue,舌/べろ,べろ,,,Tjuka2019,,,,
HEBREW-26_tongue-1,,HEBREW,26_tongue,לשון,לשון,,,Tjuka2019,,,,
TURKISH-26_tongue-1,,TURKISH,26_tongue,dil,dil,,,Tjuka2019,,,,
MALAY-26_tongue-1,,MALAY,26_tongue,lidah,lidah,,,Tjuka2019,,,,
GERMAN-27_tooth-1,,GERMAN,27_tooth,Zahn,Zahn,,,Tjuka2019,,,,
ENGLISH-27_tooth-1,,ENGLISH,27_tooth,tooth,tooth,,,Tjuka2019,,,,
WOLOF-27_tooth-1,,WOLOF,27_tooth,bëñ,bëñ,,,Tjuka2019,,,,
CZECH-27_tooth-1,,CZECH,27_tooth,zub,zub,,,Tjuka2019,,,,
MARATHI-27_tooth-1,,MARATHI,27_tooth,दात,दात,,,Tjuka2019,,,,
VIETNAMESE-27_tooth-1,,VIETNAMESE,27_tooth,răng,răng,,,Tjuka2019,,,,
GREEK-27_tooth-1,,GREEK,27_tooth,δόντι,δόντι,,,Tjuka2019,,,,
PERSIAN-27_tooth-1,,PERSIAN,27_tooth,دندان,دندان,,,Tjuka2019,,,,
CHINESE-27_tooth-1,,CHINESE,27_tooth,齿,齿,,,Tjuka2019,,,,
KHOEKHOE-27_tooth-1,,KHOEKHOE,27_tooth,ǁ​gûb,ǁ​gûb,,,Tjuka2019,,,,
HUNGARIAN-27_tooth-1,,HUNGARIAN,27_tooth,fog,fog,,,Tjuka2019,,,,
JAPANESE-27_tooth-1,,JAPANESE,27_tooth,歯,歯,,,Tjuka2019,,,,
HEBREW-27_tooth-1,,HEBREW,27_tooth,שן,שן,,,Tjuka2019,,,,
TURKISH-27_tooth-1,,TURKISH,27_tooth,diş,diş,,,Tjuka2019,,,,
MALAY-27_tooth-1,,MALAY,27_tooth,gigi,gigi,,,Tjuka2019,,,,
GERMAN-28_vein-1,,GERMAN,28_vein,Vene,Vene,,,Tjuka2019,,,,
ENGLISH-28_vein-1,,ENGLISH,28_vein,vein,vein,,,Tjuka2019,,,,
WOLOF-28_vein-1,,WOLOF,28_vein,sidiit,sidiit,,,Tjuka2019,,,,
CZECH-28_vein-1,,CZECH,28_vein,žíla/tepna,žíla,,,Tjuka2019,,,,
CZECH-28_vein-2,,CZECH,28_vein,žíla/tepna,tepna,,,Tjuka2019,,,,
MARATHI-28_vein-1,,MARATHI,28_vein,शीरा,शीरा,,,Tjuka2019,,,,
VIETNAMESE-28_vein-1,,VIETNAMESE,28_vein,ven,ven,,,Tjuka2019,,,,
GREEK-28_vein-1,,GREEK,28_vein,φλέβα,φλέβα,,,Tjuka2019,,,,
PERSIAN-28_vein-1,,PERSIAN,28_vein,رگ,رگ,,,Tjuka2019,,,,
CHINESE-28_vein-1,,CHINESE,28_vein,血管,血管,,,Tjuka2019,,,,
KHOEKHOE-28_vein-1,,KHOEKHOE,28_vein,ǂkhurub,ǂkhurub,,,Tjuka2019,,,,
HUNGARIAN-28_vein-1,,HUNGARIAN,28_vein,ér,ér,,,Tjuka2019,,,,
JAPANESE-28_vein-1,,JAPANESE,28_vein,血管,血管,,,Tjuka2019,,,,
HEBREW-28_vein-1,,HEBREW,28_vein,וריד,וריד,,,Tjuka2019,,,,
TURKISH-28_vein-1,,TURKISH,28_vein,damar,damar,,,Tjuka2019,,,,
MALAY-28_vein-1,,MALAY,28_vein,urat,urat,,,Tjuka2019,,,,
